{
	"methods": {},
	"init": {
		"paddle": {
			"size": {
				"x": 20.0,
				"y": 100.0
			},
			"pos": {
				"x": 20.0,
				"y": 528.529785
			}
		},
		"ball": {
			"pos": {
				"x": 40.0475349,
				"y": 566.458923
			},
			"size": {
				"x": 20.0,
				"y": 20.0
			},
			"vel": {
				"x": -999.58667,
				"y": 28.7503223
			}
		}
	}
}